Order Number,Plan,Total Price,Created At
11bc25fa3f,Monthly Plan,$6.00,"Jun 5, 2014, 7:49:54 PM"
9839a8f976,Annual Plan,"There was an issue exporting, please contact support.","Jun 5, 2014, 8:04:05 PM"
4570241e0c,Monthly Plan,$6.00,"Jul 5, 2014, 6:06:23 AM"
8125c63939,Monthly Plan,$6.00,"Aug 5, 2014, 6:05:33 AM"
db2a52c351,Monthly Plan,"There was an issue exporting, please contact support.","Sep 5, 2014, 6:05:31 AM"
a45dde408d,Monthly Plan,$6.00,"Sep 6, 2014, 6:05:10 AM"
2c88b8d81f,Monthly Plan,$6.00,"Jun 17, 2016, 12:47:24 AM"
b9db826ea2,Monthly Plan,$6.00,"Jul 16, 2016, 6:27:57 AM"
013b6a658d,Annual Plan,$59.00,"Aug 16, 2016, 6:20:49 AM"
6a0f09e7ed,Annual Plan,$59.00,"Aug 16, 2017, 6:14:42 AM"
4d3bcafb21,Annual Plan,$59.00,"Aug 30, 2017, 6:06:30 AM"
655fdd585a,Annual Plan,"There was an issue exporting, please contact support.","Aug 29, 2018, 6:03:04 AM"
