Shoe Name,Shoe Brand,Shoe Model,Shoe Default Sport Types
"",Brooks,Ghost GTX,""
"",Brooks,Launch,""
"",On,Cloudflow ,""
Brooks Launch 6.1,Brooks,Launch 6,""
6.2,Brooks,Launch,Hike|Walk|Virtual Run|Trail Run
"",HOKA,Clifton 7,""
"",HOKA,Carbon X,""
"",On,Cloudflow ,""
Endorphin Shift,Saucony,Endorphin Shift,""
"",Brooks,Levitate 4,""
"",New Balance,Fresh Foam Tempo Teal/Black,""
"",PUMA,Deviate Nitro | Lava Blast ,""
"",New Balance,Fresh Foam 1080 v10,""
"",Saucony,Endorphin Pro,""
Green Blue,Saucony,Endorphin Speed,""
"",Salomon,Speedgoat,""
"",Saucony,Endorphin Speed Gold ,""
"",HOKA,Carbon X2    White/Yellow ,""
"",HOKA,Carbon X2 Diva Blue / Citrus,""
"",HOKA,Mach 4 Blue Coral,""
,Saucony,Endorphin Pro Icon,""
,Saucony,Endorphin Speed 2 | MINT,""
,Nike,Vaporfly Next% 2 Ekiden,""
"",Nike,ALPHAFLY NEXT% VOLT,""
,Nike,ZoomX VaporFly Next% 2,""
,Nike,ALPHAFLY NEXT% VOLT,""
,Adidas,Adizero Adios Pro 3,""
,Nike,ZoomX Invincible Run Flyknit 2 Boston ‘75,""
,PUMA,Deviate Nitro Elite,""
,Saucony,Endorphin Pro 3,""
"",Saucony,Peregrine 13,""
,HOKA,Speedgoat 4,""
,Saucony,Endorphin Speed 3,""
,Saucony,Endorphin speed 4,Run
Jackrabbit ,Saucony,Endorphin Speed 3,""
